-- Insertar 30 puestos
INSERT INTO Puesto (Puesto) VALUES
('Gerente'),
('Analista'),
('Desarrollador'),
('Diseñador'),
('Administrador'),
('Técnico'),
('Consultor'),
('Especialista'),
('Coordinador'),
('Supervisor'),
('Director'),
('Contador'),
('Auditor'),
('Jefe de Proyectos'),
('Ingeniero'),
('Arquitecto'),
('Asesor'),
('Secretario'),
('Abogado'),
('Médico'),
('Enfermero'),
('Químico'),
('Bioquímico'),
('Farmacéutico'),
('Nutricionista'),
('Fisioterapeuta'),
('Psicólogo'),
('Sociólogo'),
('Asistente'),
('Conserje');


-- Insertar 30 departamentos
INSERT INTO Departamento (Departamento) VALUES
('Recursos Humanos'),
('Finanzas'),
('Ventas'),
('Marketing'),
('Operaciones'),
('Tecnología'),
('Desarrollo'),
('Soporte Técnico'),
('Consultoría'),
('Administración'),
('Auditoría'),
('Proyectos'),
('Ingeniería'),
('Arquitectura'),
('Legal'),
('Salud'),
('Científico'),
('Investigación'),
('Atención al Cliente'),
('Logística'),
('Compras'),
('Control de Calidad'),
('Producción'),
('Planificación'),
('Diseño'),
('Innovación'),
('Regulaciones'),
('Comunicación'),
('Publicidad'),
('Mantenimiento');

-- Insertar 30 familias
INSERT INTO Familia (Codigo_Familia, Nombre_Familia, Activo, Descripcion) VALUES
('F001', 'Electrónica', 'SI', 'Artículos electrónicos'),
('F002', 'Muebles', 'SI', 'Mobiliario de oficina'),
('F003', 'Papelería', 'SI', 'Artículos de papelería'),
('F004', 'Ropa', 'SI', 'Prendas de vestir'),
('F005', 'Electrodomésticos', 'SI', 'Aparatos para el hogar'),
('F006', 'Juguetes', 'SI', 'Juguetes para niños'),
('F007', 'Deportes', 'SI', 'Artículos deportivos'),
('F008', 'Alimentos', 'SI', 'Productos alimenticios'),
('F009', 'Bebidas', 'SI', 'Bebidas varias'),
('F010', 'Automotriz', 'SI', 'Repuestos automotrices'),
('F011', 'Tecnología', 'SI', 'Dispositivos tecnológicos'),
('F012', 'Medicinas', 'SI', 'Productos farmacéuticos'),
('F013', 'Belleza', 'SI', 'Productos de belleza'),
('F014', 'Limpieza', 'SI', 'Productos de limpieza'),
('F015', 'Construcción', 'SI', 'Materiales de construcción'),
('F016', 'Jardinería', 'SI', 'Herramientas de jardinería'),
('F017', 'Ferretería', 'SI', 'Productos de ferretería'),
('F018', 'Textiles', 'SI', 'Materiales textiles'),
('F019', 'Accesorios', 'SI', 'Accesorios y complementos'),
('F020', 'Hogar', 'SI', 'Artículos para el hogar'),
('F021', 'Mascotas', 'SI', 'Productos para mascotas'),
('F022', 'Cuidado Personal', 'SI', 'Artículos de cuidado personal'),
('F023', 'Iluminación', 'SI', 'Artículos de iluminación'),
('F024', 'Electrónica', 'SI', 'Dispositivos electrónicos'),  -- Nombre ajustado
('F025', 'Calzado', 'SI', 'Calzado de todo tipo'),
('F026', 'Joyería', 'SI', 'Accesorios de joyería'),
('F027', 'Instrumentos', 'SI', 'Instrumentos para músicos'),
('F028', 'Videojuegos', 'SI', 'Consolas y juegos de video'),
('F029', 'Cocina', 'SI', 'Utensilios y electrodomésticos de cocina'),
('F030', 'Fotografía', 'SI', 'Cámaras y accesorios fotográficos');


-- Insertar 30 artículos
INSERT INTO Articulo (Codigo_Articulo, Nombre_Articulo, Activo, Precio_Estandar, Peso, Costo, Descripcion, Codigo_Familia) VALUES
('A001', 'Laptop', 'SI', 750.00, 2000, 500, 'Laptop portátil', 'F011'),
('A002', 'Escritorio', 'SI', 150.00, 15000, 90, 'Escritorio de oficina', 'F002'),
('A003', 'Cuaderno', 'SI', 2.50, 200, 1, 'Cuaderno de 100 hojas', 'F003'),
('A004', 'Camiseta', 'SI', 25.00, 300, 15, 'Camiseta de algodón', 'F004'),
('A005', 'Microondas', 'SI', 120.00, 10000, 70, 'Microondas de 1000W', 'F005'),
('A006', 'Bicicleta', 'SI', 200.00, 12000, 150, 'Bicicleta de montaña', 'F007'),
('A007', 'Balón de fútbol', 'SI', 25.00, 500, 10, 'Balón oficial', 'F007'),
('A008', 'Silla de oficina', 'SI', 80.00, 7000, 60, 'Silla ergonómica', 'F002'),
('A009', 'Monitor', 'SI', 150.00, 3000, 90, 'Monitor de 24 pulgadas', 'F011'),
('A010', 'Zapatos deportivos', 'SI', 50.00, 1000, 35, 'Zapatos para correr', 'F025'),
('A011', 'Lavadora', 'SI', 300.00, 35000, 200, 'Lavadora de 20kg', 'F005'),
('A012', 'Tornillos', 'SI', 0.05, 50, 0.02, 'Tornillo de acero', 'F017'),
('A013', 'Manguera de jardín', 'SI', 20.00, 1500, 10, 'Manguera de 10 metros', 'F016'),
('A014', 'Brocha de pintura', 'SI', 5.00, 300, 3, 'Brocha de 5 pulgadas', 'F015'),
('A015', 'Lámpara LED', 'SI', 15.00, 500, 7, 'Lámpara de escritorio', 'F023'),
('A016', 'Tablet', 'SI', 200.00, 800, 150, 'Tablet Android', 'F011'),
('A017', 'Smartphone', 'SI', 600.00, 180, 400, 'Smartphone 5G', 'F011'),
('A018', 'Perfume', 'SI', 40.00, 250, 15, 'Perfume de mujer', 'F013'),
('A019', 'Gafas de sol', 'SI', 25.00, 150, 20, 'Gafas de sol polarizadas', 'F019'),
('A020', 'Supl. vitamínico', 'SI', 15.00, 500, 8, 'Vitaminas A, C, D', 'F022'), -- Nombre ajustado
('A021', 'Champú', 'SI', 10.00, 600, 4, 'Champú anticaspa', 'F022'),
('A022', 'Juguete de madera', 'SI', 30.00, 1000, 25, 'Juguete educativo', 'F006'),
('A023', 'Cargador portátil', 'SI', 20.00, 300, 12, 'Cargador de 10000mAh', 'F024'),
('A024', 'Audífonos', 'SI', 35.00, 100, 25, 'Audífonos Bluetooth', 'F024'),
('A025', 'Batidora', 'SI', 80.00, 2000, 60, 'Batidora de 800W', 'F005'),
('A026', 'Cámara DSLR', 'SI', 400.00, 1200, 300, 'Cámara DSLR', 'F030'),
('A027', 'Videojuego', 'SI', 60.00, 300, 45, 'Videojuego para consola', 'F028'),
('A028', 'Reloj inteligente', 'SI', 150.00, 200, 90, 'Reloj con GPS', 'F024'),
('A029', 'Lentes VR', 'SI', 300.00, 600, 150, 'Lentes de realidad virtual', 'F028'),
('A030', 'Guitarra eléct.', 'SI', 500.00, 3500, 200, 'Guitarra eléctrica de 6 cuerdas', 'F027'); -- Nombre ajustado

-- Insertar 5 bodegas
INSERT INTO Bodega (Codigo_Bodega, Nombre, Ubicacion, Capacidad_En_Toneladas, Espacio_Cubico, Estado) VALUES
('B001', 'Bodega Central', 'San José', 100, 500, 'SI'),
('B002', 'Bodega Norte', 'Alajuela', 80, 400, 'SI'),
('B003', 'Bodega Sur', 'Cartago', 60, 300, 'SI'),
('B004', 'Bodega Este', 'Heredia', 90, 450, 'SI'),
('B005', 'Bodega Oeste', 'Puntarenas', 70, 350, 'SI');

-- Relación entre bodegas y familias (N:M)
INSERT INTO Bodega_Familia (Codigo_Bodega, Codigo_Familia) VALUES
('B001', 'F001'),
('B001', 'F002'),
('B001', 'F003'),
('B002', 'F004'),
('B002', 'F005'),
('B003', 'F006'),
('B003', 'F007'),
('B004', 'F008'),
('B004', 'F009'),
('B005', 'F010'),
('B001', 'F011'),
('B001', 'F012'),
('B002', 'F013'),
('B002', 'F014'),
('B003', 'F015'),
('B003', 'F016'),
('B004', 'F017'),
('B004', 'F018'),
('B005', 'F019'),
('B005', 'F020'),

('B001', 'F021'),
('B001', 'F022'),
('B002', 'F023'),
('B002', 'F024'),
('B003', 'F025'),
('B003', 'F026'),
('B004', 'F027'),
('B004', 'F028'),
('B005', 'F029'),
('B005', 'F030');

-- Insertar 30 zonas
INSERT INTO Zona (Codigo_Zona, Nombre_Zona, Descripcion_zona) VALUES
('Z001', 'Zona Central', 'Centro de la ciudad'),
('Z002', 'Zona Norte', 'Región norte'),
('Z003', 'Zona Sur', 'Región sur'),
('Z004', 'Zona Este', 'Región este'),
('Z005', 'Zona Oeste', 'Región oeste'),
('Z006', 'Zona Industrial', 'Zonas industriales'),
('Z007', 'Zona Comercial', 'Zonas comerciales'),
('Z008', 'Zona Educativa', 'Zonas con instituciones educativas'),
('Z009', 'Zona Residencial', 'Zonas residenciales'),
('Z010', 'Zona Urbana', 'Zonas urbanas'),
('Z011', 'Zona Rural', 'Zonas rurales'),
('Z012', 'Zona Mixta', 'Zonas mixtas'),
('Z013', 'Zona Portuaria', 'Zonas cercanas a puertos'),
('Z014', 'Zona Metropolitana', 'Zonas metropolitanas'),
('Z015', 'Zona Empresarial', 'Zonas de negocios'),
('Z016', 'Zona Agrícola', 'Zonas agrícolas'),
('Z017', 'Zona Turística', 'Zonas de interés turístico'),
('Z018', 'Zona Tecnológica', 'Zonas con desarrollo tecnológico'),
('Z019', 'Zona Comercial Pequeña', 'Pequeños centros comerciales'),
('Z020', 'Zona Boscosa', 'Áreas cercanas a bosques'),
('Z021', 'Zona Histórica', 'Áreas con valor histórico'),
('Z022', 'Zona Montañosa', 'Zonas de montaña'),
('Z023', 'Zona Costera', 'Zonas cercanas a la costa'),
('Z024', 'Zona Desértica', 'Zonas áridas o desérticas'),
('Z025', 'Zona Internacional', 'Áreas con presencia internacional'),
('Z026', 'Zona Cultural', 'Áreas con importancia cultural'),
('Z027', 'Zona Financiera', 'Centros financieros'),
('Z028', 'Zona Alta', 'Zonas de altitud elevada'),
('Z029', 'Zona Baja', 'Zonas de baja altitud'),
('Z030', 'Zona Fronteriza', 'Áreas cercanas a las fronteras');

-- Insertar 30 sectores
INSERT INTO Sector (Codigo_Sector, Nombre_Sector, Descripcion_Sector) VALUES
('S001', 'Sector Comercial', 'Comercios y tiendas'),
('S002', 'Sector Residencial', 'Casas y apartamentos'),
('S003', 'Sector Industrial', 'Fábricas y bodegas'),
('S004', 'Sector Rural', 'Zonas rurales'),
('S005', 'Sector Urbano', 'Zonas urbanas'),
('S006', 'Sector Agrícola', 'Cultivos y plantaciones'),
('S007', 'Sector Tecnológico', 'Empresas de tecnología'),
('S008', 'Sector Educativo', 'Escuelas y universidades'),
('S009', 'Sector Salud', 'Hospitales y clínicas'),
('S010', 'Sector Financiero', 'Bancos y financieras'),
('S011', 'Sector Turístico', 'Hoteles y servicios turísticos'),
('S012', 'Sector Energético', 'Empresas de energía'),
('S013', 'Sector Minero', 'Minería y extracción de recursos'),
('S014', 'Sector Construcción', 'Proyectos de construcción'),
('S015', 'Sector Transportes', 'Empresas de transporte'),
('S016', 'Sector Logístico', 'Distribución y logística'),
('S017', 'Sector Ambiental', 'Empresas de conservación'),
('S018', 'Sector Público', 'Gobierno y servicios públicos'),
('S019', 'Sector Privado', 'Empresas privadas'),
('S020', 'Sector Pesquero', 'Pesca y productos del mar'),
('S021', 'Sector Comunicaciones', 'Telecomunicaciones'),
('S022', 'Sector Alimenticio', 'Empresas de alimentos'),
('S023', 'Sector Textil', 'Fábricas de textiles'),
('S024', 'Sector Automotriz', 'Repuestos y servicios automotrices'),
('S025', 'Sector Aeroespacial', 'Empresas aeroespaciales'),
('S026', 'Sector Defensa', 'Empresas de defensa y seguridad'),
('S027', 'Sector Químico', 'Industria química'),
('S028', 'Sector Farmacéutico', 'Empresas de medicamentos'),
('S029', 'Sector Entretenimiento', 'Cines, teatros, etc.'),
('S030', 'Sector Deportivo', 'Gimnasios y servicios deportivos');

-- Insertar 30 clientes
INSERT INTO Cliente (Cedula, Nombre, Apellido1, Apellido2, Celular, Correo, Fax, Zona, Sector) VALUES
('101230123', 'Juan', 'Pérez', 'González', '88887777', 'juan.perez@mail.com', '22223333', 'Z001', 'S001'),
('202340234', 'María', 'Rodríguez', 'Alvarado', '88887778', 'maria.rodriguez@mail.com', '22223334', 'Z002', 'S002'),
('303450345', 'Carlos', 'López', 'Martínez', '88887779', 'carlos.lopez@mail.com', '22223335', 'Z003', 'S003'),
('404560456', 'Ana', 'Fernández', 'Jiménez', '88887780', 'ana.fernandez@mail.com', '22223336', 'Z004', 'S004'),
('505670567', 'Pedro', 'Vargas', 'Mora', '88887781', 'pedro.vargas@mail.com', '22223337', 'Z005', 'S005'),
('606780678', 'Luis', 'Salazar', 'Zúñiga', '88887782', 'luis.salazar@mail.com', '22223338', 'Z006', 'S006'),
('707890789', 'Laura', 'Gómez', 'Castro', '88887783', 'laura.gomez@mail.com', '22223339', 'Z007', 'S007'),
('808901890', 'Ricardo', 'Navarro', 'Espinoza', '88887784', 'ricardo.navarro@mail.com', '22223340', 'Z008', 'S008'),
('101230234', 'Mónica', 'Cruz', 'Rojas', '88887785', 'monica.cruz@mail.com', '22223341', 'Z009', 'S009'),
('202340345', 'José', 'Chaves', 'Leiva', '88887786', 'jose.chaves@mail.com', '22223342', 'Z010', 'S010'),
('303450456', 'Diego', 'Castillo', 'Araya', '88887787', 'diego.castillo@mail.com', '22223343', 'Z011', 'S011'),
('404560567', 'Andrea', 'Sánchez', 'Pérez', '88887788', 'andrea.sanchez@mail.com', '22223344', 'Z012', 'S012'),
('505670678', 'David', 'Cordero', 'Solano', '88887789', 'david.cordero@mail.com', '22223345', 'Z013', 'S013'),
('606780789', 'Daniela', 'Ortiz', 'Calderón', '88887790', 'daniela.ortiz@mail.com', '22223346', 'Z014', 'S014'),
('707890890', 'Adrián', 'Torres', 'Ramos', '88887791', 'adrian.torres@mail.com', '22223347', 'Z015', 'S015'),
('808901901', 'Verónica', 'Carrillo', 'Ureña', '88887792', 'veronica.carrillo@mail.com', '22223348', 'Z016', 'S016'),
('101230456', 'Esteban', 'Paniagua', 'Chávez', '88887793', 'esteban.paniagua@mail.com', '22223349', 'Z017', 'S017'),
('202340567', 'Sofía', 'Zamora', 'López', '88887794', 'sofia.zamora@mail.com', '22223350', 'Z018', 'S018'),
('303450678', 'Sebastián', 'Calvo', 'Fernández', '88887795', 'sebastian.calvo@mail.com', '22223351', 'Z019', 'S019'),
('404560789', 'Alejandra', 'Gutiérrez', 'Ruiz', '88887796', 'alejandra.gutierrez@mail.com', '22223352', 'Z020', 'S020'),
('505670890', 'Javier', 'Montero', 'Campos', '88887797', 'javier.montero@mail.com', '22223353', 'Z021', 'S021'),
('606780901', 'Patricia', 'Castro', 'Navarro', '88887798', 'patricia.castro@mail.com', '22223354', 'Z022', 'S022'),
('707890012', 'Santiago', 'Hernández', 'Pacheco', '88887799', 'santiago.hernandez@mail.com', '22223355', 'Z023', 'S023'),
('808901123', 'Beatriz', 'Zúñiga', 'Vargas', '88887800', 'beatriz.zuniga@mail.com', '22223356', 'Z024', 'S024'),
('101230567', 'Valeria', 'Vega', 'Ramírez', '88887801', 'valeria.vega@mail.com', '22223357', 'Z025', 'S025'),
('202340678', 'Manuel', 'Esquivel', 'Soto', '88887802', 'manuel.esquivel@mail.com', '22223358', 'Z026', 'S026'),
('303450789', 'Fabiola', 'Alfaro', 'Venegas', '88887803', 'fabiola.alfaro@mail.com', '22223359', 'Z027', 'S027'),
('404560890', 'Gerardo', 'Ríos', 'Carranza', '88887804', 'gerardo.rios@mail.com', '22223360', 'Z028', 'S028'),
('505670901', 'Karina', 'Barboza', 'Espinoza', '88887805', 'karina.barboza@mail.com', '22223361', 'Z029', 'S029'),
('606780012', 'Oscar', 'Díaz', 'García', '88887806', 'oscar.diaz@mail.com', '22223362', 'Z030', 'S030');



-- Insertar 30 casos
INSERT INTO Caso (Codigo_Caso, Cliente, Vendedor, Direccion, Asunto, Tipo, Estado, Prioridad, Descripcion, Fecha) VALUES
('CS001', '101230123', 'V001', 'San José', 'Problema de producto', 'Queja', 'Abierto', 'Alta', 'El cliente reporta un problema con el producto', '2024-01-01'),
('CS002', '202340234', 'V002', 'Heredia', 'Solicitud de cotización', 'Cotización', 'Cerrado', 'Media', 'El cliente solicita una cotización de artículos', '2024-01-02'),
('CS003', '303450345', 'V003', 'Alajuela', 'Problema de facturación', 'Reclamo', 'Abierto', 'Baja', 'El cliente reporta una factura incorrecta', '2024-01-03'),
('CS004', '404560456', 'V004', 'Cartago', 'Solicitud de soporte técnico', 'Soporte', 'Abierto', 'Alta', 'El cliente necesita soporte para un producto', '2024-01-04'),
('CS005', '505670567', 'V005', 'Puntarenas', 'Consulta sobre envío', 'Consulta', 'Cerrado', 'Media', 'El cliente consulta el estado de su envío', '2024-01-05'),
('CS006', '606780678', 'V006', 'Limón', 'Problema con entrega', 'Reclamo', 'Abierto', 'Alta', 'El cliente no recibió el producto a tiempo', '2024-01-06'),
('CS007', '707890789', 'V007', 'Guanacaste', 'Solicitud de devolución', 'Devolución', 'Abierto', 'Media', 'El cliente solicita la devolución de un artículo', '2024-01-07'),
('CS008', '808901890', 'V008', 'San José', 'Consulta sobre garantía', 'Consulta', 'Cerrado', 'Baja', 'El cliente consulta la garantía de un producto', '2024-01-08'),
('CS009', '101230234', 'V009', 'Heredia', 'Reclamación por defecto', 'Reclamo', 'Abierto', 'Alta', 'El cliente reporta un defecto en el producto', '2024-01-09'),
('CS010', '202340345', 'V010', 'Alajuela', 'Solicitud de cotización', 'Cotización', 'Cerrado', 'Media', 'El cliente solicita una cotización de servicios', '2024-01-10'),
('CS011', '303450456', 'V011', 'Cartago', 'Problema de pago', 'Reclamo', 'Abierto', 'Baja', 'El cliente reporta un problema con su pago', '2024-01-11'),
('CS012', '404560567', 'V012', 'Puntarenas', 'Solicitud de soporte', 'Soporte', 'Cerrado', 'Alta', 'El cliente necesita soporte técnico', '2024-01-12'),
('CS013', '505670678', 'V013', 'Limón', 'Problema de facturación', 'Reclamo', 'Abierto', 'Media', 'El cliente reporta una factura duplicada', '2024-01-13'),
('CS014', '606780789', 'V014', 'Guanacaste', 'Solicitud de devolución', 'Devolución', 'Cerrado', 'Baja', 'El cliente solicita la devolución de varios productos', '2024-01-14'),
('CS015', '707890890', 'V015', 'San José', 'Problema de calidad', 'Reclamo', 'Abierto', 'Alta', 'El cliente reporta problemas de calidad en los productos', '2024-01-15'),
('CS016', '808901901', 'V016', 'Heredia', 'Consulta sobre precio', 'Consulta', 'Cerrado', 'Media', 'El cliente consulta el precio de varios artículos', '2024-01-16'),
('CS017', '101230456', 'V017', 'Alajuela', 'Solicitud de cotización', 'Cotización', 'Abierto', 'Alta', 'El cliente solicita una cotización urgente', '2024-01-17'),
('CS018', '202340567', 'V018', 'Cartago', 'Problema con envío', 'Reclamo', 'Abierto', 'Alta', 'El cliente reporta un retraso en el envío', '2024-01-18'),
('CS019', '303450678', 'V019', 'Puntarenas', 'Solicitud de información', 'Consulta', 'Cerrado', 'Baja', 'El cliente solicita información adicional', '2024-01-19'),
('CS020', '404560789', 'V020', 'Limón', 'Problema de garantía', 'Reclamo', 'Abierto', 'Media', 'El cliente solicita la activación de la garantía', '2024-01-20'),
('CS021', '505670890', 'V021', 'Guanacaste', 'Consulta sobre producto', 'Consulta', 'Cerrado', 'Baja', 'El cliente consulta características de un producto', '2024-01-21'),
('CS022', '606780901', 'V022', 'San José', 'Problema con el pedido', 'Reclamo', 'Abierto', 'Alta', 'El cliente reporta que el pedido no llegó completo', '2024-01-22'),
('CS023', '707890012', 'V023', 'Heredia', 'Solicitud de actualización', 'Soporte', 'Cerrado', 'Media', 'El cliente solicita una actualización de su producto', '2024-01-23'),
('CS024', '808901123', 'V024', 'Alajuela', 'Problema con la entrega', 'Reclamo', 'Abierto', 'Baja', 'El cliente no ha recibido su entrega', '2024-01-24'),
('CS025', '101230567', 'V025', 'Cartago', 'Solicitud de devolución', 'Devolución', 'Cerrado', 'Alta', 'El cliente solicita la devolución de un servicio', '2024-01-25'),
('CS026', '202340678', 'V026', 'Puntarenas', 'Problema de facturación', 'Reclamo', 'Abierto', 'Media', 'El cliente reporta un error en la factura', '2024-01-26'),
('CS027', '303450789', 'V027', 'Limón', 'Consulta sobre garantía', 'Consulta', 'Cerrado', 'Baja', 'El cliente consulta la extensión de la garantía', '2024-01-27'),
('CS028', '404560890', 'V028', 'Guanacaste', 'Problema con el pedido', 'Reclamo', 'Abierto', 'Alta', 'El cliente reporta que el pedido llegó incompleto', '2024-01-28'),
('CS029', '505670901', 'V029', 'San José', 'Solicitud de soporte técnico', 'Soporte', 'Cerrado', 'Media', 'El cliente solicita soporte técnico especializado', '2024-01-29'),
('CS030', '606780012', 'V030', 'Heredia', 'Problema con el pago', 'Reclamo', 'Abierto', 'Baja', 'El cliente reporta un problema al procesar el pago', '2024-01-30');

-- Insertar 30 tareas de los casos
INSERT INTO Tareas_Caso (Codigo_Tarea, Nombre_Tarea, Decripcion_Tarea, Codigo_Caso) VALUES
('T001', 'Verificar producto', 'Revisión del producto defectuoso', 'CS001'),
('T002', 'Generar cotización', 'Preparación de cotización solicitada', 'CS002'),
('T003', 'Revisar factura', 'Revisión de la factura errónea', 'CS003'),
('T004', 'Proporcionar soporte técnico', 'Ofrecer soporte para el producto', 'CS004'),
('T005', 'Verificar estado del envío', 'Comprobar el estado del envío del cliente', 'CS005'),
('T006', 'Gestionar devolución', 'Tramitar la devolución solicitada por el cliente', 'CS006'),
('T007', 'Revisar garantía', 'Verificar las condiciones de la garantía del producto', 'CS007'),
('T008', 'Atender consulta', 'Responder a la consulta del cliente sobre el producto', 'CS008'),
('T009', 'Verificar entrega', 'Confirmar que la entrega del producto fue correcta', 'CS009'),
('T010', 'Ofrecer soporte', 'Proporcionar soporte técnico al cliente', 'CS010'),
('T011', 'Verificar pago', 'Comprobar el estado del pago del cliente', 'CS011'),
('T012', 'Generar cotización', 'Preparación de cotización solicitada por el cliente', 'CS012'),
('T013', 'Corregir factura', 'Realizar la corrección de la factura duplicada', 'CS013'),
('T014', 'Procesar devolución', 'Tramitar la devolución solicitada por el cliente', 'CS014'),
('T015', 'Atender reclamo', 'Resolver el problema de calidad reportado por el cliente', 'CS015'),
('T016', 'Enviar cotización', 'Proporcionar la cotización solicitada al cliente', 'CS016'),
('T017', 'Resolver problema de envío', 'Investigar el retraso en el envío del cliente', 'CS017'),
('T018', 'Ofrecer información', 'Responder a la solicitud de información adicional', 'CS018'),
('T019', 'Activar garantía', 'Gestionar la activación de la garantía del producto', 'CS019'),
('T020', 'Responder consulta', 'Atender la consulta del cliente sobre el producto', 'CS020'),
('T021', 'Gestionar pedido', 'Revisar el estado del pedido reportado por el cliente', 'CS021'),
('T022', 'Actualizar producto', 'Realizar la actualización solicitada en el producto', 'CS022'),
('T023', 'Verificar entrega', 'Confirmar la entrega del producto al cliente', 'CS023'),
('T024', 'Gestionar devolución', 'Tramitar la devolución de los servicios solicitados', 'CS024'),
('T025', 'Corregir error en factura', 'Realizar la corrección del error en la factura', 'CS025'),
('T026', 'Revisar garantía', 'Verificar la extensión de la garantía solicitada', 'CS026'),
('T027', 'Gestionar pedido', 'Revisar el estado del pedido incompleto', 'CS027'),
('T028', 'Ofrecer soporte especializado', 'Proporcionar soporte técnico especializado', 'CS028'),
('T029', 'Procesar pago', 'Resolver el problema reportado con el pago del cliente', 'CS029'),
('T030', 'Verificar estado del caso', 'Comprobar el estado del caso abierto por el cliente', 'CS030');

Insert into Rol (Nombre_Rol, Descripcion) values 
('Admin','Rol administrativo'),
('Editor','Permisos de edicion'),
('Analista','Permisos de visualizacion');
